{"cameraMode":{"drawMode":0,"name":"Shaded","section":"Shading Mode"},"sceneLighting":false,"audioPlay":false,"sceneViewState":{"showFog":true,"showMaterialUpdate":false,"showSkybox":true,"showFlares":true,"showImageEffects":true,"showParticleSystems":true},"in2DMode":false,"pivot":{"x":2.587327241897583,"y":0.19262537360191346,"z":3.223965883255005},"rotation":{"x":-0.13488517701625825,"y":0.8222071528434753,"z":-0.21828468143939973,"w":-0.5080680847167969},"size":2.107670307159424,"orthographic":false}