{"cameraMode":{"drawMode":0,"name":"Shaded","section":"Shading Mode"},"sceneLighting":false,"audioPlay":false,"sceneViewState":{"showFog":true,"showMaterialUpdate":false,"showSkybox":true,"showFlares":true,"showImageEffects":true,"showParticleSystems":true},"in2DMode":false,"pivot":{"x":2.4835422039031984,"y":0.718651533126831,"z":2.9736015796661379},"rotation":{"x":-0.06062132865190506,"y":0.8659891486167908,"z":-0.1083761677145958,"w":-0.4843992590904236},"size":2.107670307159424,"orthographic":false}