{"cameraMode":{"drawMode":0,"name":"Shaded","section":"Shading Mode"},"sceneLighting":false,"audioPlay":false,"sceneViewState":{"showFog":true,"showMaterialUpdate":false,"showSkybox":true,"showFlares":true,"showImageEffects":true,"showParticleSystems":true},"in2DMode":false,"pivot":{"x":1.149531602859497,"y":9.865878105163575,"z":-3.9524848461151125},"rotation":{"x":-0.1556062549352646,"y":0.7992851138114929,"z":-0.23417116701602937,"w":-0.5311251878738403},"size":3.220762014389038,"orthographic":false}