{"cameraMode":{"drawMode":0,"name":"Shaded","section":"Shading Mode"},"sceneLighting":false,"audioPlay":false,"sceneViewState":{"showFog":true,"showMaterialUpdate":false,"showSkybox":true,"showFlares":true,"showImageEffects":true,"showParticleSystems":true},"in2DMode":false,"pivot":{"x":2.042762279510498,"y":11.173371315002442,"z":-4.026434421539307},"rotation":{"x":-0.17906014621257783,"y":0.7744858860969544,"z":-0.2510814666748047,"w":-0.552328884601593},"size":3.5483298301696779,"orthographic":false}