{"cameraMode":{"drawMode":0,"name":"Shaded","section":"Shading Mode"},"sceneLighting":false,"audioPlay":false,"sceneViewState":{"showFog":true,"showMaterialUpdate":false,"showSkybox":true,"showFlares":true,"showImageEffects":true,"showParticleSystems":true},"in2DMode":false,"pivot":{"x":-0.9843232035636902,"y":0.15027272701263429,"z":0.3241114616394043},"rotation":{"x":-0.048797737807035449,"y":0.9511892795562744,"z":-0.21801380813121797,"w":-0.21290339529514314},"size":2.861210823059082,"orthographic":false}