{"cameraMode":{"drawMode":0,"name":"Shaded","section":"Shading Mode"},"sceneLighting":false,"audioPlay":false,"sceneViewState":{"showFog":true,"showMaterialUpdate":false,"showSkybox":true,"showFlares":true,"showImageEffects":true,"showParticleSystems":true},"in2DMode":false,"pivot":{"x":-1.4754496812820435,"y":0.5379928946495056,"z":0.04466450214385986},"rotation":{"x":-0.0717041939496994,"y":0.8013383150100708,"z":-0.09809686243534088,"w":-0.5857409834861755},"size":2.8210954666137697,"orthographic":false}