{"cameraMode":{"drawMode":0,"name":"Shaded","section":"Shading Mode"},"sceneLighting":false,"audioPlay":false,"sceneViewState":{"showFog":true,"showMaterialUpdate":false,"showSkybox":true,"showFlares":true,"showImageEffects":true,"showParticleSystems":true},"in2DMode":false,"pivot":{"x":1.3536666631698609,"y":1.588781476020813,"z":2.434467315673828},"rotation":{"x":-0.13488517701625825,"y":0.8222071528434753,"z":-0.21828468143939973,"w":-0.5080680847167969},"size":2.107670307159424,"orthographic":false}